,rewards,discount,learning rate
0,-290.64012379166456,0.995,0.15
1,-236.42501813655994,0.995,0.15
2,-231.4452340944609,0.995,0.15
3,-111.96509496855091,0.995,0.15
4,-116.63825615336887,0.995,0.15
5,-75.24485467969996,0.995,0.15
6,-135.49736798269882,0.995,0.15
7,-90.32599630153477,0.995,0.15
8,-105.44079037026192,0.995,0.15
9,-172.8955104547261,0.995,0.15
10,-533.0718733000369,0.995,0.15
11,-213.86616693183635,0.995,0.15
12,-370.6601838305998,0.995,0.15
13,-194.8499664971025,0.995,0.15
14,-111.77124017045641,0.995,0.15
15,-128.96364668306677,0.995,0.15
16,-115.14263209904215,0.995,0.15
17,-161.28281518591564,0.995,0.15
18,-261.3127829668323,0.995,0.15
19,-114.20007396038463,0.995,0.15
20,-210.18465131704852,0.995,0.15
21,-85.53657581939025,0.995,0.15
22,-319.68999037227746,0.995,0.15
23,-102.90533156628369,0.995,0.15
24,-118.8819759607398,0.995,0.15
25,33.41706048739317,0.995,0.15
26,-163.3376910622501,0.995,0.15
27,-92.28610526602253,0.995,0.15
28,-78.881651796104,0.995,0.15
29,-334.1249798796224,0.995,0.15
30,-168.29536212410554,0.995,0.15
31,-310.7172282875524,0.995,0.15
32,-108.39178104080196,0.995,0.15
33,-93.17741425561968,0.995,0.15
34,-0.9748725286320195,0.995,0.15
35,-204.58071085383904,0.995,0.15
36,-7.580866352277269,0.995,0.15
37,-198.7871763815098,0.995,0.15
38,-186.98350207061986,0.995,0.15
39,-220.66812066665614,0.995,0.15
40,-322.40801282757866,0.995,0.15
41,-110.61725524403252,0.995,0.15
42,-200.92864213714955,0.995,0.15
43,-102.79616111332747,0.995,0.15
44,-315.58936443690027,0.995,0.15
45,-94.31730772123109,0.995,0.15
46,-120.29562648396612,0.995,0.15
47,-159.0820686471847,0.995,0.15
48,-129.79955806982613,0.995,0.15
49,-321.3520302958015,0.995,0.15
50,-281.88812709535034,0.995,0.15
51,-139.22850763508725,0.995,0.15
52,-504.1666321351076,0.995,0.15
53,-156.25352748374627,0.995,0.15
54,-140.3499274434394,0.995,0.15
55,-85.72412471429769,0.995,0.15
56,-221.5679484227461,0.995,0.15
57,-43.46891470571542,0.995,0.15
58,-391.67371984474664,0.995,0.15
59,-96.97273974434948,0.995,0.15
60,-226.52417397864127,0.995,0.15
61,-264.170598004043,0.995,0.15
62,-78.47994213665403,0.995,0.15
63,-145.20459828357596,0.995,0.15
64,-283.14978564100386,0.995,0.15
65,-112.10020204914939,0.995,0.15
66,-127.31722088911175,0.995,0.15
67,-23.283404344109258,0.995,0.15
68,-103.61804138470957,0.995,0.15
69,-258.8553763130022,0.995,0.15
70,-312.80918087363114,0.995,0.15
71,-138.6561699363849,0.995,0.15
72,23.362202108887885,0.995,0.15
73,-93.34376296543454,0.995,0.15
74,-197.70779514116325,0.995,0.15
75,-135.0053130989606,0.995,0.15
76,-86.75164130654613,0.995,0.15
77,-324.5580676607135,0.995,0.15
78,-66.52838511803864,0.995,0.15
79,-443.7934835734167,0.995,0.15
80,-427.05173474394223,0.995,0.15
81,-223.02938881097893,0.995,0.15
82,32.28195117966112,0.995,0.15
83,-121.37854054409414,0.995,0.15
84,-74.5042462191294,0.995,0.15
85,-252.8305793875979,0.995,0.15
86,-242.51008320948497,0.995,0.15
87,-197.33655093720805,0.995,0.15
88,-297.1461788447108,0.995,0.15
89,-92.73751369955825,0.995,0.15
90,-211.24099580027055,0.995,0.15
91,-70.66825624259974,0.995,0.15
92,-316.89069548869645,0.995,0.15
93,-137.57128962789,0.995,0.15
94,-273.4650955698488,0.995,0.15
95,-203.27605093334938,0.995,0.15
96,-230.56527971136467,0.995,0.15
97,-110.43435969264263,0.995,0.15
98,-145.64546085986098,0.995,0.15
99,-184.80575308243846,0.995,0.15
100,-88.4568497577485,0.995,0.15
101,-179.25808579948279,0.995,0.15
102,-199.51719485236157,0.995,0.15
103,-119.6604595227289,0.995,0.15
104,-111.77569163836189,0.995,0.15
105,-404.2126755573523,0.995,0.15
106,-92.47945191577121,0.995,0.15
107,10.535219759057881,0.995,0.15
108,-266.2120893871298,0.995,0.15
109,-49.85291636344793,0.995,0.15
110,-177.9290821027839,0.995,0.15
111,-124.64125024699224,0.995,0.15
112,-124.643516105472,0.995,0.15
113,-58.64055137627536,0.995,0.15
114,-79.1019854753396,0.995,0.15
115,-240.93556095463927,0.995,0.15
116,-124.64774681157667,0.995,0.15
117,-66.59859074213747,0.995,0.15
118,-124.67652657701693,0.995,0.15
119,-128.24828901691217,0.995,0.15
120,-58.32690511601925,0.995,0.15
121,-99.72336026954522,0.995,0.15
122,-172.155834803277,0.995,0.15
123,-326.59183978948545,0.995,0.15
124,-135.74889271202667,0.995,0.15
125,-209.485166368443,0.995,0.15
126,-95.71531979802455,0.995,0.15
127,2.1961517474701537,0.995,0.15
128,-323.96824982312177,0.995,0.15
129,-137.0682317971108,0.995,0.15
130,-130.8806986029681,0.995,0.15
131,-237.42228423371324,0.995,0.15
132,-370.484241483816,0.995,0.15
133,-248.90539017389455,0.995,0.15
134,-272.83188797268065,0.995,0.15
135,-105.57088905895168,0.995,0.15
136,-114.21530403845239,0.995,0.15
137,-2.899400119607421,0.995,0.15
138,-201.1592943160555,0.995,0.15
139,-307.0613609456055,0.995,0.15
140,-232.73230817695358,0.995,0.15
141,-135.08919404351792,0.995,0.15
142,-171.229362792838,0.995,0.15
143,-138.7816933215962,0.995,0.15
144,-126.29669265506293,0.995,0.15
145,-150.35556523979497,0.995,0.15
146,-171.06510580838864,0.995,0.15
147,-173.79049162573813,0.995,0.15
148,-75.26531575699559,0.995,0.15
149,-131.0367160586233,0.995,0.15
150,-112.53467703768752,0.995,0.15
151,-86.87880254099325,0.995,0.15
152,-228.52095884511658,0.995,0.15
153,-383.26078435562215,0.995,0.15
154,-96.82504906110486,0.995,0.15
155,-220.95047898768541,0.995,0.15
156,-217.13611394467733,0.995,0.15
157,-189.8402265980696,0.995,0.15
158,-226.26826535334942,0.995,0.15
159,-339.4540343937083,0.995,0.15
160,-423.2198777152713,0.995,0.15
161,-278.0575274396622,0.995,0.15
162,-251.62783043235234,0.995,0.15
163,-357.5921411857198,0.995,0.15
164,-201.26606972370695,0.995,0.15
165,-116.32391512093501,0.995,0.15
166,-58.32140379097886,0.995,0.15
167,-69.24406733089263,0.995,0.15
168,-222.16342768499635,0.995,0.15
169,-305.0242943002721,0.995,0.15
170,-83.74888193254057,0.995,0.15
171,-70.96727448487145,0.995,0.15
172,1.7030146602444916,0.995,0.15
173,-303.56506676951307,0.995,0.15
174,-191.7491307137351,0.995,0.15
175,-98.95427038645516,0.995,0.15
176,-90.26666377111071,0.995,0.15
177,-106.62611968645582,0.995,0.15
178,-354.5623553018943,0.995,0.15
179,-345.62254780614387,0.995,0.15
180,-136.1132484137051,0.995,0.15
181,-311.619189439989,0.995,0.15
182,-98.90769555781885,0.995,0.15
183,-106.59043453181582,0.995,0.15
184,-119.40727218298846,0.995,0.15
185,-168.13144120269237,0.995,0.15
186,-186.5724398377164,0.995,0.15
187,-223.27187473737493,0.995,0.15
188,-3.913259038514795,0.995,0.15
189,-166.89310706111428,0.995,0.15
190,-125.89349224572123,0.995,0.15
191,-422.625902021293,0.995,0.15
192,-125.25990347851479,0.995,0.15
193,-386.7328405262031,0.995,0.15
194,37.82083318581891,0.995,0.15
195,-71.75947678896011,0.995,0.15
196,-405.57257497036187,0.995,0.15
197,-107.52083103443915,0.995,0.15
198,-376.34934791262356,0.995,0.15
199,-95.91730144259998,0.995,0.15
200,-126.85784927121573,0.995,0.15
201,-185.10823542492471,0.995,0.15
202,-147.6942542922086,0.995,0.15
203,-82.2342857198766,0.995,0.15
204,-137.44259240057283,0.995,0.15
205,-172.2403489467764,0.995,0.15
206,-94.52888385391579,0.995,0.15
207,-89.08650827116605,0.995,0.15
208,-305.7183770554928,0.995,0.15
209,-112.4037911318513,0.995,0.15
210,-273.24114100522434,0.995,0.15
211,-19.25130052999674,0.995,0.15
212,-157.01259030175112,0.995,0.15
213,-307.5447970060776,0.995,0.15
214,-523.0285356850145,0.995,0.15
215,-130.07618146659246,0.995,0.15
216,-251.33086850057353,0.995,0.15
217,-234.19777953410542,0.995,0.15
218,-347.10031027592254,0.995,0.15
219,-333.96052070319183,0.995,0.15
220,-229.53152062162724,0.995,0.15
221,-331.31699129487805,0.995,0.15
222,-259.6057363642079,0.995,0.15
223,-164.67480834964408,0.995,0.15
224,-165.43837777756232,0.995,0.15
225,-86.67048507480266,0.995,0.15
226,-259.76932731331755,0.995,0.15
227,-83.02281373421562,0.995,0.15
228,-87.48817624948865,0.995,0.15
229,-187.0640896937896,0.995,0.15
230,-164.69604386143436,0.995,0.15
231,-302.1245851685421,0.995,0.15
232,-226.0567828939972,0.995,0.15
233,-133.02217759121328,0.995,0.15
234,-315.4443297038101,0.995,0.15
235,-318.91606738322434,0.995,0.15
236,-234.2022899958045,0.995,0.15
237,-189.1421859481432,0.995,0.15
238,-171.7234485677105,0.995,0.15
239,-119.89999664644863,0.995,0.15
240,-137.15467571023703,0.995,0.15
241,-113.05565038007974,0.995,0.15
242,-258.9339426010537,0.995,0.15
243,-76.30258439911626,0.995,0.15
244,-50.61071943096796,0.995,0.15
245,-252.05418725634883,0.995,0.15
246,-40.428474632466866,0.995,0.15
247,-209.4697971868713,0.995,0.15
248,-274.0220904517928,0.995,0.15
249,-9.719797701377175,0.995,0.15
250,-204.32253473584194,0.995,0.15
251,-125.64555364359097,0.995,0.15
252,-254.3497626983058,0.995,0.15
253,-28.25604513261166,0.995,0.15
254,-274.4687997827464,0.995,0.15
255,-305.56920333759854,0.995,0.15
256,-35.49752327898537,0.995,0.15
257,-96.81985380780385,0.995,0.15
258,-213.3561623633231,0.995,0.15
259,-441.8403676498426,0.995,0.15
260,-340.94998029066903,0.995,0.15
261,-120.23603185095114,0.995,0.15
262,-138.15895260200648,0.995,0.15
263,-147.1545062853064,0.995,0.15
264,-333.56473437005366,0.995,0.15
265,-150.115956925828,0.995,0.15
266,-93.07854910603733,0.995,0.15
267,-234.73494348889636,0.995,0.15
268,-206.35020121592203,0.995,0.15
269,-350.22401088203463,0.995,0.15
270,-283.7368051697764,0.995,0.15
271,-281.7317043403946,0.995,0.15
272,-556.7860119897466,0.995,0.15
273,-91.61611757692127,0.995,0.15
274,-110.51086228182669,0.995,0.15
275,-98.08718874016566,0.995,0.15
276,-111.3901318939395,0.995,0.15
277,-394.9549025917127,0.995,0.15
278,-106.45518561844922,0.995,0.15
279,-208.0887132304581,0.995,0.15
280,-230.25769219416256,0.995,0.15
281,-220.75220913002738,0.995,0.15
282,-121.34624267952584,0.995,0.15
283,-261.9724273165342,0.995,0.15
284,-383.28278888541394,0.995,0.15
285,-121.74660192539196,0.995,0.15
286,-198.27663801488137,0.995,0.15
287,-188.4844568771346,0.995,0.15
288,-132.16105029494253,0.995,0.15
289,-251.2736006831077,0.995,0.15
290,-178.26050675967093,0.995,0.15
291,-345.29593497647875,0.995,0.15
292,-165.92576971879964,0.995,0.15
293,-317.7109357806713,0.995,0.15
294,-213.410623554302,0.995,0.15
295,27.1515751945808,0.995,0.15
296,-243.8491912148778,0.995,0.15
297,-108.71221766792196,0.995,0.15
298,-139.5130351403566,0.995,0.15
299,-130.90485748573076,0.995,0.15
300,-209.95921744683966,0.995,0.15
301,-140.95625849802178,0.995,0.15
302,-421.6030130339767,0.995,0.15
303,-186.4805811350359,0.995,0.15
304,-98.31688694956235,0.995,0.15
305,-225.858630762768,0.995,0.15
306,-114.18142192237931,0.995,0.15
307,-112.13067349962776,0.995,0.15
308,-189.72711588320132,0.995,0.15
309,-344.1359439113452,0.995,0.15
310,-354.01042960827243,0.995,0.15
311,-137.8763963123547,0.995,0.15
312,-87.84586543070225,0.995,0.15
313,-99.8209134024655,0.995,0.15
314,-263.89689079173945,0.995,0.15
315,-94.33964439004049,0.995,0.15
316,-108.9226354424737,0.995,0.15
317,-77.96080198402521,0.995,0.15
318,-70.59157763692652,0.995,0.15
319,-162.4375936587304,0.995,0.15
320,-120.66185800207016,0.995,0.15
321,-53.53719133218041,0.995,0.15
322,-103.06433813967276,0.995,0.15
323,-460.11725706134746,0.995,0.15
324,-202.9798465443233,0.995,0.15
325,-139.37875445650513,0.995,0.15
326,-135.20106145486182,0.995,0.15
327,-252.68234519255887,0.995,0.15
328,-138.64863414768337,0.995,0.15
329,-426.5651158226658,0.995,0.15
330,-83.0191624568316,0.995,0.15
331,-590.9694085127501,0.995,0.15
332,-309.1099998630597,0.995,0.15
333,-144.44594309667326,0.995,0.15
334,-101.90144256228537,0.995,0.15
335,-288.7859352380692,0.995,0.15
336,-316.68822650886887,0.995,0.15
337,-294.00964490850544,0.995,0.15
338,-110.57225333610752,0.995,0.15
339,-355.1870632678356,0.995,0.15
340,-158.28732901734872,0.995,0.15
341,-171.53511079130763,0.995,0.15
342,-106.49110099089873,0.995,0.15
343,-165.90320587453897,0.995,0.15
344,-205.67988745402823,0.995,0.15
345,-217.95962409979802,0.995,0.15
346,-414.42608767224186,0.995,0.15
347,-332.3940496698242,0.995,0.15
348,-233.91659446793926,0.995,0.15
349,-63.34186226210447,0.995,0.15
350,-163.85741597417774,0.995,0.15
351,-130.95099527823078,0.995,0.15
352,-335.17886801211773,0.995,0.15
353,-444.27398729190935,0.995,0.15
354,-127.5378628749814,0.995,0.15
355,-111.84275042127476,0.995,0.15
356,-149.5643203352239,0.995,0.15
357,-110.8577111064648,0.995,0.15
358,-117.25043726534919,0.995,0.15
359,-185.02204900858226,0.995,0.15
360,-107.16317571462152,0.995,0.15
361,-119.98104363828769,0.995,0.15
362,-94.9129162043469,0.995,0.15
363,-217.32431685821575,0.995,0.15
364,-86.85123029698354,0.995,0.15
365,-242.6295171413234,0.995,0.15
366,-92.17450268714131,0.995,0.15
367,-100.98156490849463,0.995,0.15
368,-114.7371003966529,0.995,0.15
369,-127.2062538047616,0.995,0.15
370,-395.41812463380035,0.995,0.15
371,-188.52141184820982,0.995,0.15
372,-174.27616631754995,0.995,0.15
373,-209.44145776781988,0.995,0.15
374,-355.15024051518617,0.995,0.15
375,-105.41572143988685,0.995,0.15
376,-149.02642996551396,0.995,0.15
377,-307.1273234196649,0.995,0.15
378,-116.98958760317615,0.995,0.15
379,-177.98550994472248,0.995,0.15
380,-179.77436605669095,0.995,0.15
381,-67.1006747998731,0.995,0.15
382,-81.28335001838775,0.995,0.15
383,-114.34313380955354,0.995,0.15
384,-103.85394742186959,0.995,0.15
385,-81.81786081204591,0.995,0.15
386,-368.70084015155527,0.995,0.15
387,-86.76889962331165,0.995,0.15
388,-64.15466289629495,0.995,0.15
389,-310.5626776578067,0.995,0.15
390,-43.413244140390475,0.995,0.15
391,-426.75222485281864,0.995,0.15
392,-193.55719174447037,0.995,0.15
393,-87.227933528078,0.995,0.15
394,-72.69702653685093,0.995,0.15
395,-162.20025948257725,0.995,0.15
396,-116.764277326952,0.995,0.15
397,-370.4208429203169,0.995,0.15
398,-223.13909763476943,0.995,0.15
399,-82.78026395070151,0.995,0.15
400,-147.06330225305425,0.995,0.15
401,-306.7112424517377,0.995,0.15
402,-112.10785901705422,0.995,0.15
403,-256.7639062070407,0.995,0.15
404,-277.0302547870132,0.995,0.15
405,-252.5243883977735,0.995,0.15
406,-264.807058627415,0.995,0.15
407,-103.52003885558841,0.995,0.15
408,-75.85556309584496,0.995,0.15
409,-56.54846039419746,0.995,0.15
410,-507.95243203751363,0.995,0.15
411,-168.77301023665422,0.995,0.15
412,-145.81706651566125,0.995,0.15
413,-288.6180120516474,0.995,0.15
414,-154.06740800463876,0.995,0.15
415,-175.7617421491355,0.995,0.15
416,-88.45823847185578,0.995,0.15
417,-122.6722492920745,0.995,0.15
418,-112.4617059774367,0.995,0.15
419,-127.84656551726523,0.995,0.15
420,-79.25237400069821,0.995,0.15
421,-101.26261149563973,0.995,0.15
422,-111.6531581613651,0.995,0.15
423,-432.7753631230001,0.995,0.15
424,-134.75964007145075,0.995,0.15
425,-133.07146952369078,0.995,0.15
426,-134.97159588508032,0.995,0.15
427,-412.8154733907614,0.995,0.15
428,-167.75506666613217,0.995,0.15
429,-82.18013705202755,0.995,0.15
430,-148.90572274097303,0.995,0.15
431,-92.98444876308726,0.995,0.15
432,-132.088748516149,0.995,0.15
433,-136.5606844271668,0.995,0.15
434,-74.74731102563875,0.995,0.15
435,-109.10656267244345,0.995,0.15
436,-243.57402093606055,0.995,0.15
437,-117.48194411717813,0.995,0.15
438,-229.46595483951097,0.995,0.15
439,-72.39565709526074,0.995,0.15
440,-132.38612594717307,0.995,0.15
441,-121.01877636013405,0.995,0.15
442,-151.15984449917818,0.995,0.15
443,-102.60615355592644,0.995,0.15
444,-259.8025645524759,0.995,0.15
445,-272.70113483049386,0.995,0.15
446,-58.90158055939464,0.995,0.15
447,-131.8803754964968,0.995,0.15
448,-230.57966973533306,0.995,0.15
449,-375.36840502621675,0.995,0.15
450,-284.27944671334683,0.995,0.15
451,-347.1064202616611,0.995,0.15
452,-190.06367048068222,0.995,0.15
453,-131.9036765708772,0.995,0.15
454,-213.97373463951124,0.995,0.15
455,-152.53754411387177,0.995,0.15
456,-97.71885598353174,0.995,0.15
457,-105.76801892634806,0.995,0.15
458,-192.48997237574474,0.995,0.15
459,-96.599037805461,0.995,0.15
460,-287.0138130170567,0.995,0.15
461,-165.6622632749919,0.995,0.15
462,-78.16933731466644,0.995,0.15
463,-97.83196164926643,0.995,0.15
464,-339.6280282639816,0.995,0.15
465,-103.232880552768,0.995,0.15
466,-218.47530199038155,0.995,0.15
467,-230.83944686194033,0.995,0.15
468,-129.31655372464292,0.995,0.15
469,-74.49226993731281,0.995,0.15
470,-317.2374559740597,0.995,0.15
471,-107.4704524277154,0.995,0.15
472,-477.8944291241212,0.995,0.15
473,-78.91596199842304,0.995,0.15
474,-140.9917797242075,0.995,0.15
475,-248.4290599466472,0.995,0.15
476,-148.62067427707348,0.995,0.15
477,-279.55020619958526,0.995,0.15
478,-277.83466088341095,0.995,0.15
479,-162.61356054125383,0.995,0.15
480,-377.0048582805477,0.995,0.15
481,-429.40051063498663,0.995,0.15
482,-103.36030058456583,0.995,0.15
483,-163.0910780561538,0.995,0.15
484,-192.12830981537866,0.995,0.15
485,-84.97725776596593,0.995,0.15
486,-88.33615453283275,0.995,0.15
487,41.215630515470735,0.995,0.15
488,-99.58920245661723,0.995,0.15
489,-150.09026928151695,0.995,0.15
490,-69.34962022357874,0.995,0.15
491,-161.9140513508455,0.995,0.15
492,-60.64120533916849,0.995,0.15
493,-121.51077755175693,0.995,0.15
494,-391.80444133577316,0.995,0.15
495,-78.43878426313941,0.995,0.15
496,-231.57716917075135,0.995,0.15
497,-46.93607449268877,0.995,0.15
498,-171.44232524766633,0.995,0.15
499,-271.784735162125,0.995,0.15
500,-99.48226379286969,0.995,0.15
501,-195.16522660992842,0.995,0.15
502,-337.1360621101289,0.995,0.15
503,-154.2680253134895,0.995,0.15
504,-237.67784062884255,0.995,0.15
505,-159.47822486057058,0.995,0.15
506,-109.08544483004367,0.995,0.15
507,-90.96020187383006,0.995,0.15
508,-70.02553067446772,0.995,0.15
509,-138.0566942563605,0.995,0.15
510,-90.5602083739507,0.995,0.15
511,-96.7310494607641,0.995,0.15
512,-165.05348657559995,0.995,0.15
513,-68.0103181032238,0.995,0.15
514,-197.43210484975887,0.995,0.15
515,-118.1347281267092,0.995,0.15
516,-79.82451968307946,0.995,0.15
517,-74.97812805096387,0.995,0.15
518,-151.8097438306175,0.995,0.15
519,-265.6401288196579,0.995,0.15
520,-383.58762309048745,0.995,0.15
521,-269.1114221401972,0.995,0.15
522,-59.73940380058329,0.995,0.15
523,-151.61504107031828,0.995,0.15
524,-222.52395722046398,0.995,0.15
525,-409.35170010420774,0.995,0.15
526,-327.46857758618637,0.995,0.15
527,-294.2587928124298,0.995,0.15
528,-316.73738670044577,0.995,0.15
529,-127.30975146753136,0.995,0.15
530,-12.181871699326152,0.995,0.15
531,-172.89782903692458,0.995,0.15
532,-170.88634751948513,0.995,0.15
533,-41.62826627137379,0.995,0.15
534,-339.85668536295043,0.995,0.15
535,-117.6500062279796,0.995,0.15
536,-41.929742699676524,0.995,0.15
537,-119.58376517957004,0.995,0.15
538,-186.64531202190096,0.995,0.15
539,-128.14929784340706,0.995,0.15
540,-420.44715109893264,0.995,0.15
541,-63.75956351010646,0.995,0.15
542,-192.750139064272,0.995,0.15
543,-106.79728906945533,0.995,0.15
544,-132.59189258861974,0.995,0.15
545,-146.31191601334456,0.995,0.15
546,38.06835039100459,0.995,0.15
547,-107.82378455159704,0.995,0.15
548,-359.5817686527492,0.995,0.15
549,-75.34032344681285,0.995,0.15
550,-87.41820021148126,0.995,0.15
551,-455.39018251961784,0.995,0.15
552,-214.55360296575418,0.995,0.15
553,-121.53675503406484,0.995,0.15
554,-214.16529848511541,0.995,0.15
555,-27.278228808165466,0.995,0.15
556,-173.4132736559328,0.995,0.15
557,-135.68747290894348,0.995,0.15
558,-103.69420441766191,0.995,0.15
559,-152.8704292608793,0.995,0.15
560,-113.80812703346326,0.995,0.15
561,-170.04048890722655,0.995,0.15
562,-125.0923621439984,0.995,0.15
563,-81.57566198623559,0.995,0.15
564,-78.46822975817656,0.995,0.15
565,-299.7501215061973,0.995,0.15
566,-109.6776035108254,0.995,0.15
567,-339.98602013651947,0.995,0.15
568,-335.82204146547224,0.995,0.15
569,-117.91090698057006,0.995,0.15
570,-123.09835129528048,0.995,0.15
571,-73.19405102203311,0.995,0.15
572,-179.75784432742853,0.995,0.15
573,-33.77091306361744,0.995,0.15
574,-172.55654481657055,0.995,0.15
575,-439.12978843161636,0.995,0.15
576,-307.76523488179237,0.995,0.15
577,-173.97924837523658,0.995,0.15
578,-305.21414319789824,0.995,0.15
579,-117.29018875489587,0.995,0.15
580,-400.482276588852,0.995,0.15
581,-145.28842529996354,0.995,0.15
582,-368.07428459067273,0.995,0.15
583,-128.4896203833317,0.995,0.15
584,-144.95867614529803,0.995,0.15
585,-112.24654981138912,0.995,0.15
586,-68.55776970853572,0.995,0.15
587,-175.0364786681626,0.995,0.15
588,-201.0951112386979,0.995,0.15
589,-289.4448087452118,0.995,0.15
590,-87.93638730364394,0.995,0.15
591,-294.8514082755323,0.995,0.15
592,-336.6820270335992,0.995,0.15
593,-203.97246297928808,0.995,0.15
594,-108.00859498015973,0.995,0.15
595,-126.48208691267882,0.995,0.15
596,-145.4183513359871,0.995,0.15
597,-142.15067281803533,0.995,0.15
598,-335.9688545071342,0.995,0.15
599,-117.63177397119864,0.995,0.15
600,-131.62293915048105,0.995,0.15
601,-94.29285156625544,0.995,0.15
602,-427.1442679933991,0.995,0.15
603,-107.54417357019474,0.995,0.15
604,-87.51901458883172,0.995,0.15
605,-211.68701582247735,0.995,0.15
606,-103.18931144122017,0.995,0.15
607,-92.50919590118157,0.995,0.15
608,-159.67699881454564,0.995,0.15
609,-111.20458111851241,0.995,0.15
610,-51.425799270399985,0.995,0.15
611,-198.2091287883981,0.995,0.15
612,-121.96374285881328,0.995,0.15
613,-116.7061979257141,0.995,0.15
614,-126.95032716117876,0.995,0.15
615,-147.57158881069864,0.995,0.15
616,-104.47958788353378,0.995,0.15
617,-195.2602630051798,0.995,0.15
618,-99.93424572097813,0.995,0.15
619,-212.03691607178183,0.995,0.15
620,-80.10654693642594,0.995,0.15
621,-350.37694112008404,0.995,0.15
622,-81.62775871854454,0.995,0.15
623,-65.9934773980582,0.995,0.15
624,-294.7321176812992,0.995,0.15
625,-167.45715606414183,0.995,0.15
626,-196.68107701612763,0.995,0.15
627,-223.32640331959615,0.995,0.15
628,-251.11357224526284,0.995,0.15
629,-414.05549027376014,0.995,0.15
630,-48.42628670755029,0.995,0.15
631,-61.48877336561486,0.995,0.15
632,-99.6546019747576,0.995,0.15
633,-201.22255077806625,0.995,0.15
634,-339.86786618870303,0.995,0.15
635,-104.95388433030016,0.995,0.15
636,-279.19062464513763,0.995,0.15
637,-144.68885409319284,0.995,0.15
638,-171.0998337145292,0.995,0.15
639,-98.22292910635792,0.995,0.15
640,-212.18868196397057,0.995,0.15
641,-98.7820471002446,0.995,0.15
642,-218.90050680301874,0.995,0.15
643,-197.05424798530035,0.995,0.15
644,-239.7200100823255,0.995,0.15
645,-123.96329015892915,0.995,0.15
646,-118.49034202685928,0.995,0.15
647,-274.7106296162211,0.995,0.15
648,-58.69031455846105,0.995,0.15
649,-57.843006295195224,0.995,0.15
650,-74.4928847245553,0.995,0.15
651,-123.10435025696594,0.995,0.15
652,-69.8648086891886,0.995,0.15
653,-30.23221606114076,0.995,0.15
654,-152.7622411862485,0.995,0.15
655,-264.48299101267946,0.995,0.15
656,-102.22893539555463,0.995,0.15
657,-124.22943116855605,0.995,0.15
658,-328.60648990111633,0.995,0.15
659,-169.78734717255918,0.995,0.15
660,-114.19592887983997,0.995,0.15
661,-375.14061422739934,0.995,0.15
662,-112.00280624419122,0.995,0.15
663,-152.88658691418374,0.995,0.15
664,-112.42952103783615,0.995,0.15
665,-101.61636536230571,0.995,0.15
666,-149.2678606780077,0.995,0.15
667,-172.2833066356376,0.995,0.15
668,-395.9503139951913,0.995,0.15
669,-297.11945526291595,0.995,0.15
670,-374.39092099145523,0.995,0.15
671,-61.005805496064326,0.995,0.15
672,-395.51377345582245,0.995,0.15
673,-142.22717014341333,0.995,0.15
674,-107.75852384635499,0.995,0.15
675,29.33529635283685,0.995,0.15
676,-184.13883335418927,0.995,0.15
677,-120.57820707106045,0.995,0.15
678,-79.72575564575234,0.995,0.15
679,-161.3576567838122,0.995,0.15
680,-183.03621653811845,0.995,0.15
681,-166.43528275826662,0.995,0.15
682,-243.48048074828017,0.995,0.15
683,-375.16114552177083,0.995,0.15
684,-138.69918909776948,0.995,0.15
685,-159.82673918785744,0.995,0.15
686,-109.7806650183229,0.995,0.15
687,-111.87782003704703,0.995,0.15
688,-89.6514361097792,0.995,0.15
689,-264.86898969352217,0.995,0.15
690,-19.718533483583343,0.995,0.15
691,-90.36665493241684,0.995,0.15
692,-124.62979822746004,0.995,0.15
693,-220.09522310185946,0.995,0.15
694,-110.63696719238538,0.995,0.15
695,-307.4154076648782,0.995,0.15
696,-165.89920086893096,0.995,0.15
697,-142.61082658028806,0.995,0.15
698,-140.87163396059452,0.995,0.15
699,-99.86741836454642,0.995,0.15
700,-286.34671748012306,0.995,0.15
701,-72.58373717394329,0.995,0.15
702,-211.64464365024764,0.995,0.15
703,-234.90090605585516,0.995,0.15
704,-191.78857974666136,0.995,0.15
705,-65.77307266652997,0.995,0.15
706,-248.26509175521883,0.995,0.15
707,-138.01381861708484,0.995,0.15
708,-161.63728971377714,0.995,0.15
709,-137.03176238630417,0.995,0.15
710,-118.82006053214819,0.995,0.15
711,-441.03035240522763,0.995,0.15
712,-118.77455852500407,0.995,0.15
713,-261.30905195983394,0.995,0.15
714,-150.0387566978353,0.995,0.15
715,-98.96762698155807,0.995,0.15
716,-178.6260111830468,0.995,0.15
717,-106.80393892623222,0.995,0.15
718,-283.3323409796223,0.995,0.15
719,-107.4238065749682,0.995,0.15
720,-460.0791232747814,0.995,0.15
721,-272.148019962881,0.995,0.15
722,-114.77398209848089,0.995,0.15
723,-354.7408413693287,0.995,0.15
724,-106.62272481146334,0.995,0.15
725,-95.31309922322498,0.995,0.15
726,-242.4369105308959,0.995,0.15
727,-175.543298886525,0.995,0.15
728,-162.14890563512273,0.995,0.15
729,-91.93242535359491,0.995,0.15
730,-238.46625053119377,0.995,0.15
731,-227.17044764848458,0.995,0.15
732,-296.04394729756996,0.995,0.15
733,-220.65906794223466,0.995,0.15
734,-185.91920428685998,0.995,0.15
735,-104.81299204370326,0.995,0.15
736,-52.80002526919594,0.995,0.15
737,-121.71218474731035,0.995,0.15
738,-191.87369009710557,0.995,0.15
739,-209.53324179829838,0.995,0.15
740,-83.21918217538445,0.995,0.15
741,-165.02170150999586,0.995,0.15
742,-199.12485161435347,0.995,0.15
743,-235.61324798878437,0.995,0.15
744,-80.24658841825723,0.995,0.15
745,-92.56935573846943,0.995,0.15
746,-185.57772881571785,0.995,0.15
747,-116.8091616857086,0.995,0.15
748,-175.81721039871377,0.995,0.15
749,-110.51216058281524,0.995,0.15
750,-247.05961734835205,0.995,0.15
751,-113.20981779075692,0.995,0.15
752,-271.74136951167696,0.995,0.15
753,-401.0475159709335,0.995,0.15
754,-113.47244243016667,0.995,0.15
755,-73.89706683112131,0.995,0.15
756,-251.09792300981573,0.995,0.15
757,-193.22810386434617,0.995,0.15
758,-173.31253068906778,0.995,0.15
759,-185.52223934457368,0.995,0.15
760,-80.69740068958355,0.995,0.15
761,-194.8624089912969,0.995,0.15
762,-378.48694089164155,0.995,0.15
763,-61.55412451686627,0.995,0.15
764,-103.31627980151877,0.995,0.15
765,-215.29960215475012,0.995,0.15
766,-202.7062237438862,0.995,0.15
767,-109.20677684455985,0.995,0.15
768,-204.89763172535385,0.995,0.15
769,-259.12767573425407,0.995,0.15
770,-126.52187932329468,0.995,0.15
771,-317.76248586086353,0.995,0.15
772,-86.30315153775742,0.995,0.15
773,-212.3357100209675,0.995,0.15
774,-238.7361055542032,0.995,0.15
775,-129.17051025383878,0.995,0.15
776,-99.92639690727577,0.995,0.15
777,-108.58409657677467,0.995,0.15
778,-81.99046002061132,0.995,0.15
779,-211.29702560275916,0.995,0.15
780,-216.37635319680615,0.995,0.15
781,-120.12900049448768,0.995,0.15
782,-125.1100310009987,0.995,0.15
783,-139.94634245402557,0.995,0.15
784,-59.374998832858026,0.995,0.15
785,-52.96508203100304,0.995,0.15
786,-118.60946554057875,0.995,0.15
787,-153.2387343312405,0.995,0.15
788,-357.24968794469584,0.995,0.15
789,-288.8432684661775,0.995,0.15
790,-178.11120844731136,0.995,0.15
791,-154.56230623695814,0.995,0.15
792,-81.03817206434731,0.995,0.15
793,-427.3374335510125,0.995,0.15
794,-147.43003513755448,0.995,0.15
795,-174.2582939350945,0.995,0.15
796,-502.97180980208486,0.995,0.15
797,-77.87908342127724,0.995,0.15
798,-107.36150463255224,0.995,0.15
799,-124.63344037040112,0.995,0.15
800,-83.08927953515997,0.995,0.15
801,-368.9820239538001,0.995,0.15
802,-81.13139325008218,0.995,0.15
803,-116.26185104424542,0.995,0.15
804,-208.7607373318769,0.995,0.15
805,-178.35950371017486,0.995,0.15
806,-63.850700983384925,0.995,0.15
807,-195.32373043840897,0.995,0.15
808,-201.55483539830863,0.995,0.15
809,-223.05333258755738,0.995,0.15
810,-118.97514313055282,0.995,0.15
811,-149.39729047577447,0.995,0.15
812,-325.27872037831867,0.995,0.15
813,-128.04671826079334,0.995,0.15
814,-143.5999312596934,0.995,0.15
815,-304.1846406327666,0.995,0.15
816,-106.70593028541441,0.995,0.15
817,-270.1666951822615,0.995,0.15
818,-127.54914341437745,0.995,0.15
819,-290.7965274130544,0.995,0.15
820,-133.5548427976089,0.995,0.15
821,-69.12156699776794,0.995,0.15
822,-142.75933281897753,0.995,0.15
823,-258.6560965489639,0.995,0.15
824,-382.98992617688805,0.995,0.15
825,-222.75225783338232,0.995,0.15
826,-129.25924856666535,0.995,0.15
827,-249.56461076800852,0.995,0.15
828,-146.11638997562738,0.995,0.15
829,-288.0951465102192,0.995,0.15
830,-23.259518452224754,0.995,0.15
831,-296.5975031651637,0.995,0.15
832,-58.74777374238577,0.995,0.15
833,-291.96683609395507,0.995,0.15
834,-344.6004112918896,0.995,0.15
835,-125.19641434767937,0.995,0.15
836,-65.2757667374913,0.995,0.15
837,-143.34424853485797,0.995,0.15
838,-71.71776092922532,0.995,0.15
839,-111.40860215686835,0.995,0.15
840,-68.09405779179171,0.995,0.15
841,11.168320124213722,0.995,0.15
842,-268.56634848785535,0.995,0.15
843,-96.67893353212737,0.995,0.15
844,-0.12254574469255886,0.995,0.15
845,-98.97808320123512,0.995,0.15
846,-226.02498705004757,0.995,0.15
847,-282.56571710111723,0.995,0.15
848,-448.0993772014645,0.995,0.15
849,-105.16538588080059,0.995,0.15
850,-80.62678521546286,0.995,0.15
851,-210.7792331389869,0.995,0.15
852,-279.1265646855711,0.995,0.15
853,-158.1761509568565,0.995,0.15
854,-339.7670754294211,0.995,0.15
855,-120.2876675157874,0.995,0.15
856,-366.2354360611923,0.995,0.15
857,-140.94642696638834,0.995,0.15
858,-80.96566073297501,0.995,0.15
859,-257.8517106869574,0.995,0.15
860,-45.12647689527185,0.995,0.15
861,-236.58085093160838,0.995,0.15
862,-161.4856905035403,0.995,0.15
863,-208.42889748964822,0.995,0.15
864,-95.03659042322964,0.995,0.15
865,-264.71501311205884,0.995,0.15
866,-86.8887514883022,0.995,0.15
867,-130.3714806288137,0.995,0.15
868,-73.6746752815331,0.995,0.15
869,-161.3573402714345,0.995,0.15
870,-217.0884421297484,0.995,0.15
871,-201.4754480194386,0.995,0.15
872,-108.4745967055436,0.995,0.15
873,-124.08377206273691,0.995,0.15
874,-96.44188443109482,0.995,0.15
875,-213.18320983720935,0.995,0.15
876,-207.96312804050086,0.995,0.15
877,-80.74968523729504,0.995,0.15
878,-205.1832348608172,0.995,0.15
879,-104.11408736077713,0.995,0.15
880,-383.4785061995392,0.995,0.15
881,-73.60452423501752,0.995,0.15
882,-118.37355275816434,0.995,0.15
883,-121.6043207206198,0.995,0.15
884,-150.09810933671008,0.995,0.15
885,-79.66772079254302,0.995,0.15
886,-88.0097780752086,0.995,0.15
887,-193.10463180306294,0.995,0.15
888,-94.43761476281503,0.995,0.15
889,-352.4021023697489,0.995,0.15
890,-98.80358984294925,0.995,0.15
891,-67.31642394596976,0.995,0.15
892,-197.82089078779887,0.995,0.15
893,-109.11259955852186,0.995,0.15
894,-217.84852911883297,0.995,0.15
895,-295.12191985663964,0.995,0.15
896,-284.60758986886617,0.995,0.15
897,-118.23821171417478,0.995,0.15
898,-85.93948274658528,0.995,0.15
899,-137.78942777205003,0.995,0.15
900,-75.56759334767892,0.995,0.15
901,-317.91259949620695,0.995,0.15
902,-71.2382857263135,0.995,0.15
903,-132.85049598873206,0.995,0.15
904,-115.73390890499554,0.995,0.15
905,-317.84285559430407,0.995,0.15
906,-82.71043230911309,0.995,0.15
907,-90.77346896632275,0.995,0.15
908,-164.8113126426295,0.995,0.15
909,-179.17943932982016,0.995,0.15
910,-215.04718350759526,0.995,0.15
911,-83.30347789554865,0.995,0.15
912,-338.0992670120064,0.995,0.15
913,-299.0585858042706,0.995,0.15
914,-73.99424126525099,0.995,0.15
915,-143.9618087121205,0.995,0.15
916,-109.32465460005686,0.995,0.15
917,-161.0612778038221,0.995,0.15
918,-402.1723049127187,0.995,0.15
919,-64.06922331740724,0.995,0.15
920,-145.6822439156194,0.995,0.15
921,-173.7786653239462,0.995,0.15
922,-95.42686373171804,0.995,0.15
923,-118.5573679913204,0.995,0.15
924,-307.4794571207397,0.995,0.15
925,-129.56002666298107,0.995,0.15
926,-125.19242676155962,0.995,0.15
927,-172.9128131032943,0.995,0.15
928,-401.87517548099913,0.995,0.15
929,-68.36752560256284,0.995,0.15
930,-167.6304678264152,0.995,0.15
931,-119.13157432486656,0.995,0.15
932,-93.88670597070164,0.995,0.15
933,-477.1048087853166,0.995,0.15
934,-310.7638158940297,0.995,0.15
935,-180.03648162129826,0.995,0.15
936,-205.56197951351243,0.995,0.15
937,-184.46547694242798,0.995,0.15
938,-99.87769850405417,0.995,0.15
939,-251.54779038199868,0.995,0.15
940,-221.23343502581815,0.995,0.15
941,-125.5097238647409,0.995,0.15
942,-209.22837398437827,0.995,0.15
943,-282.73924488633946,0.995,0.15
944,-69.36968328340743,0.995,0.15
945,-242.6386448603461,0.995,0.15
946,-186.4926605000864,0.995,0.15
947,-410.28099818058286,0.995,0.15
948,-51.51803658264933,0.995,0.15
949,-347.39668672294613,0.995,0.15
950,-217.17601008638417,0.995,0.15
951,-134.63618232224363,0.995,0.15
952,-135.94963791993976,0.995,0.15
953,-412.6327903166278,0.995,0.15
954,-178.1472084568603,0.995,0.15
955,-144.5325072992232,0.995,0.15
956,-129.44252349926546,0.995,0.15
957,-59.114624138898236,0.995,0.15
958,-62.455898707398745,0.995,0.15
959,-125.72055558644139,0.995,0.15
960,-181.27146166972392,0.995,0.15
961,-96.43578184346809,0.995,0.15
962,-276.09190539161466,0.995,0.15
963,-92.26996154315596,0.995,0.15
964,-365.83155829911624,0.995,0.15
965,-135.520850432136,0.995,0.15
966,-131.44191336378708,0.995,0.15
967,-234.4113835353286,0.995,0.15
968,-14.0222052607226,0.995,0.15
969,-143.70512995879488,0.995,0.15
970,-2.3631343581727577,0.995,0.15
971,-46.552896365659315,0.995,0.15
972,-364.15836648871823,0.995,0.15
973,-179.01100180428375,0.995,0.15
974,-273.484556434492,0.995,0.15
975,-38.70550324171644,0.995,0.15
976,-127.80439434296729,0.995,0.15
977,-131.82644151842493,0.995,0.15
978,-164.6561233004085,0.995,0.15
979,-90.49617747207357,0.995,0.15
980,-89.8705616224186,0.995,0.15
981,-98.41501292907492,0.995,0.15
982,-195.978130203768,0.995,0.15
983,-117.97498185632756,0.995,0.15
984,-238.18510007836625,0.995,0.15
985,-101.54295777118854,0.995,0.15
986,-201.63113380903883,0.995,0.15
987,-191.10907152071715,0.995,0.15
988,-134.39332233918222,0.995,0.15
989,-127.62961576186638,0.995,0.15
990,-209.0510756892857,0.995,0.15
991,-243.84070215588963,0.995,0.15
992,-86.80540497157074,0.995,0.15
993,-238.7471397158992,0.995,0.15
994,-136.76724262628062,0.995,0.15
995,-161.94945025736104,0.995,0.15
996,-302.45700614016664,0.995,0.15
997,-112.15933676383494,0.995,0.15
998,-87.63809876492833,0.995,0.15
999,-113.65289332061788,0.995,0.15
1000,-410.2679314100735,0.995,0.15
1001,-125.62067094832045,0.995,0.15
1002,-137.880038880984,0.995,0.15
1003,-396.8594733312791,0.995,0.15
1004,-153.0893895217667,0.995,0.15
1005,-332.9752323399017,0.995,0.15
1006,-326.0658337660275,0.995,0.15
1007,-168.28791590484983,0.995,0.15
1008,-215.80120928543238,0.995,0.15
1009,-85.19344889399362,0.995,0.15
1010,-424.26973149862124,0.995,0.15
1011,-315.8037087548686,0.995,0.15
1012,-67.1626261201779,0.995,0.15
1013,-239.07671920890465,0.995,0.15
1014,-161.71974818761754,0.995,0.15
1015,-98.03428278341022,0.995,0.15
1016,-87.02065830800662,0.995,0.15
1017,-12.525904743232402,0.995,0.15
1018,-54.006090827576074,0.995,0.15
1019,-231.3501747043743,0.995,0.15
1020,33.102168883832206,0.995,0.15
1021,-131.34267783156992,0.995,0.15
1022,-134.87047416147246,0.995,0.15
1023,-175.22232030482377,0.995,0.15
1024,-460.0683681999241,0.995,0.15
1025,-60.44862021764692,0.995,0.15
1026,-289.48209760900386,0.995,0.15
1027,-322.3572154011029,0.995,0.15
1028,-297.8361292069752,0.995,0.15
1029,-83.4341436454158,0.995,0.15
1030,-72.26072110684623,0.995,0.15
1031,-104.68267755371656,0.995,0.15
1032,-138.44687666270806,0.995,0.15
1033,-331.5907199344641,0.995,0.15
1034,-267.32369340850073,0.995,0.15
1035,-224.20708287637484,0.995,0.15
1036,-81.39347211027768,0.995,0.15
1037,-112.33293083602067,0.995,0.15
1038,-184.3836725439422,0.995,0.15
1039,-222.0863208180909,0.995,0.15
1040,-123.50610584471787,0.995,0.15
1041,-340.2298673805684,0.995,0.15
1042,-248.07780440275567,0.995,0.15
1043,-106.04174312147718,0.995,0.15
1044,-143.08881497492268,0.995,0.15
1045,-61.62008110521731,0.995,0.15
1046,-233.46056271427506,0.995,0.15
1047,-106.63460514371008,0.995,0.15
1048,-184.38357084306176,0.995,0.15
1049,-306.7376694197534,0.995,0.15
1050,-84.56939369787585,0.995,0.15
1051,-107.57146778545572,0.995,0.15
1052,-78.81955272015122,0.995,0.15
1053,-330.19842512389096,0.995,0.15
1054,-173.00836553270346,0.995,0.15
1055,-248.62407776875975,0.995,0.15
1056,-167.36905490404993,0.995,0.15
1057,-256.9571810605446,0.995,0.15
1058,-154.59114104975302,0.995,0.15
1059,19.38724800897866,0.995,0.15
1060,-117.92159905014516,0.995,0.15
1061,-173.90429417781186,0.995,0.15
1062,-272.7772258640333,0.995,0.15
1063,-283.24369680532743,0.995,0.15
1064,-357.52684378900415,0.995,0.15
1065,-140.58401949648123,0.995,0.15
1066,-184.7557681854082,0.995,0.15
1067,-127.37008226064412,0.995,0.15
1068,-105.54643521125843,0.995,0.15
1069,-194.93438835528974,0.995,0.15
1070,-135.81433527426174,0.995,0.15
1071,-104.22896151144671,0.995,0.15
1072,-352.3206827170719,0.995,0.15
1073,-247.3860015342033,0.995,0.15
1074,-109.29768845086811,0.995,0.15
1075,-251.47641985208796,0.995,0.15
1076,-102.64065084876775,0.995,0.15
1077,-118.12912508273544,0.995,0.15
1078,-5.590832291806834,0.995,0.15
1079,-191.77953468315488,0.995,0.15
1080,-128.4319321438162,0.995,0.15
1081,-156.9175044281609,0.995,0.15
1082,-226.0532039850888,0.995,0.15
1083,-102.17756943270324,0.995,0.15
1084,-158.1514273144167,0.995,0.15
1085,-114.57557925613548,0.995,0.15
1086,-59.8294906874666,0.995,0.15
1087,-63.345596070306904,0.995,0.15
1088,-411.8313030649859,0.995,0.15
1089,-127.13299510203612,0.995,0.15
1090,-220.29054169155194,0.995,0.15
1091,-313.204014895927,0.995,0.15
1092,-91.25909972541251,0.995,0.15
1093,-190.66052276275462,0.995,0.15
1094,-83.01700267698067,0.995,0.15
1095,-68.60991606557623,0.995,0.15
1096,-155.71574384329608,0.995,0.15
1097,-138.1090635959448,0.995,0.15
1098,-479.021269993907,0.995,0.15
1099,-46.27332197476886,0.995,0.15
1100,-78.565064538808,0.995,0.15
1101,-52.720506073220776,0.995,0.15
1102,-121.6334182009769,0.995,0.15
1103,-336.7309670951699,0.995,0.15
1104,-94.13864139865294,0.995,0.15
1105,-415.7461195798016,0.995,0.15
1106,-72.78439749171854,0.995,0.15
1107,-366.44364554416074,0.995,0.15
1108,-289.01687182551643,0.995,0.15
1109,-330.208483172079,0.995,0.15
1110,-185.35218445180186,0.995,0.15
1111,-167.44354696742246,0.995,0.15
1112,-123.26425377160025,0.995,0.15
1113,-145.52483327637293,0.995,0.15
1114,-143.34433276761138,0.995,0.15
1115,-144.18492412335033,0.995,0.15
1116,-249.17616815308796,0.995,0.15
1117,-146.2416380228845,0.995,0.15
1118,-490.67237801901746,0.995,0.15
1119,-120.30070041952133,0.995,0.15
1120,-134.05881568429342,0.995,0.15
1121,-64.41798869925579,0.995,0.15
1122,-76.82981146116397,0.995,0.15
1123,-226.75366159582103,0.995,0.15
1124,-227.5752534292535,0.995,0.15
1125,-26.850634568375185,0.995,0.15
1126,-447.8233063154503,0.995,0.15
1127,-147.31308723866482,0.995,0.15
1128,-176.33782238709927,0.995,0.15
1129,-71.47613104393545,0.995,0.15
1130,-224.55248830536925,0.995,0.15
1131,-194.14521481573553,0.995,0.15
1132,-109.82810963966728,0.995,0.15
1133,-89.09642799634267,0.995,0.15
1134,-222.79250019415105,0.995,0.15
1135,-117.992068350085,0.995,0.15
1136,-204.2442142669951,0.995,0.15
1137,-132.7589846546975,0.995,0.15
1138,-102.40979579747554,0.995,0.15
1139,-323.68119156773946,0.995,0.15
1140,-184.67857435092566,0.995,0.15
1141,-328.52298767014224,0.995,0.15
1142,-151.13150125149264,0.995,0.15
1143,-73.21647817153047,0.995,0.15
1144,-100.76612365310663,0.995,0.15
1145,-331.6768934597245,0.995,0.15
1146,-132.37378997808193,0.995,0.15
1147,0.6512174865586644,0.995,0.15
1148,-87.28582435175193,0.995,0.15
1149,-102.04864306688998,0.995,0.15
1150,-358.2926085601071,0.995,0.15
1151,-124.31782089811313,0.995,0.15
1152,-126.81255890608134,0.995,0.15
1153,-301.0889273651663,0.995,0.15
1154,-500.4131739217444,0.995,0.15
1155,-85.78102672962297,0.995,0.15
1156,-291.23940225738886,0.995,0.15
1157,-253.70234858412036,0.995,0.15
1158,-175.069288743659,0.995,0.15
1159,-194.27214920005633,0.995,0.15
1160,-138.08741488392928,0.995,0.15
1161,-258.72291397489704,0.995,0.15
1162,-434.99880701731075,0.995,0.15
1163,-82.36831353372116,0.995,0.15
1164,-193.87909384880967,0.995,0.15
1165,-362.5228830209425,0.995,0.15
1166,-208.00282142533752,0.995,0.15
1167,-238.6078022704818,0.995,0.15
1168,-102.48057181677893,0.995,0.15
1169,-114.8179711811283,0.995,0.15
1170,-308.8849928160894,0.995,0.15
1171,-6.443677551389953,0.995,0.15
1172,-370.31182196266445,0.995,0.15
1173,-303.5060413668875,0.995,0.15
1174,-61.21385186448165,0.995,0.15
1175,-175.91473357611403,0.995,0.15
1176,-113.02197600737033,0.995,0.15
1177,-106.69320765185994,0.995,0.15
1178,-104.0521997814644,0.995,0.15
1179,-93.72769809673252,0.995,0.15
1180,-442.2458739783974,0.995,0.15
1181,-138.93595912682733,0.995,0.15
1182,-140.63647865131094,0.995,0.15
1183,-235.1801463369035,0.995,0.15
1184,-22.433659129064907,0.995,0.15
1185,-261.39268340651665,0.995,0.15
1186,-139.5392570375918,0.995,0.15
1187,-286.84762983288135,0.995,0.15
1188,-91.07647479197526,0.995,0.15
1189,-123.80938871041059,0.995,0.15
1190,-89.4504663434309,0.995,0.15
1191,-98.61817029063518,0.995,0.15
1192,-277.6169743067885,0.995,0.15
1193,-153.60596722721655,0.995,0.15
1194,-109.99930080616087,0.995,0.15
1195,-176.47646937643995,0.995,0.15
1196,-315.26435320148363,0.995,0.15
1197,-285.96547388755823,0.995,0.15
1198,-46.65022033584218,0.995,0.15
1199,-126.34318800058335,0.995,0.15
1200,-89.71283822569798,0.995,0.15
1201,-144.59664892160447,0.995,0.15
1202,-85.45941881198141,0.995,0.15
1203,-167.07872590275906,0.995,0.15
1204,-65.62031814770457,0.995,0.15
1205,-193.83842932393952,0.995,0.15
1206,-98.19487851479208,0.995,0.15
1207,-133.3480481222856,0.995,0.15
1208,-129.24008316180166,0.995,0.15
1209,-121.57607367923163,0.995,0.15
1210,-365.5819016663115,0.995,0.15
1211,-226.51868714428838,0.995,0.15
1212,-145.49934756697513,0.995,0.15
1213,-99.7006536668312,0.995,0.15
1214,-423.91196043503055,0.995,0.15
1215,-297.7895420838139,0.995,0.15
1216,-119.84902457014374,0.995,0.15
1217,-118.24852141917623,0.995,0.15
1218,-253.0755963245733,0.995,0.15
1219,-124.85628558472808,0.995,0.15
1220,-52.40503246587437,0.995,0.15
1221,-296.06103152304706,0.995,0.15
1222,-349.32881851192917,0.995,0.15
1223,-114.44648051809897,0.995,0.15
1224,-249.01997422606456,0.995,0.15
1225,-86.08938791998396,0.995,0.15
1226,-172.83403049669948,0.995,0.15
1227,-220.77635649075654,0.995,0.15
1228,-116.03646364578586,0.995,0.15
1229,-359.63425481391585,0.995,0.15
1230,-432.70206683317804,0.995,0.15
1231,-231.78989269666147,0.995,0.15
1232,-137.57702082449873,0.995,0.15
1233,-307.31925808177107,0.995,0.15
1234,-95.36715870272194,0.995,0.15
1235,-95.32207875869835,0.995,0.15
1236,-233.342166018947,0.995,0.15
1237,-131.41239019061007,0.995,0.15
1238,-299.7589543403818,0.995,0.15
1239,-479.65015646529366,0.995,0.15
1240,-194.218015321113,0.995,0.15
1241,-274.08596725634186,0.995,0.15
1242,-101.6499238283876,0.995,0.15
1243,-331.5253550880169,0.995,0.15
1244,-158.32416901245062,0.995,0.15
1245,-115.1392941528374,0.995,0.15
1246,-258.03103246076444,0.995,0.15
1247,-115.39468557986372,0.995,0.15
1248,-78.02203932483053,0.995,0.15
1249,-246.34886628267833,0.995,0.15
1250,-307.54889089905566,0.995,0.15
1251,-105.64312417310664,0.995,0.15
1252,-221.42646154327957,0.995,0.15
1253,-154.20676402434574,0.995,0.15
1254,-390.4253510544705,0.995,0.15
1255,-107.26943098208571,0.995,0.15
1256,-92.43831624319553,0.995,0.15
1257,-114.97738160487046,0.995,0.15
1258,-135.69930286500906,0.995,0.15
1259,-227.3587938703048,0.995,0.15
1260,-87.04983812955274,0.995,0.15
1261,-85.13241125333889,0.995,0.15
1262,-94.99564377857823,0.995,0.15
1263,-272.8953298023769,0.995,0.15
1264,-135.74372737819422,0.995,0.15
1265,-260.22971931013103,0.995,0.15
1266,-281.50648124687666,0.995,0.15
1267,-144.66341022098476,0.995,0.15
1268,-242.00817590638363,0.995,0.15
1269,-103.83655783323567,0.995,0.15
1270,-324.41775380201153,0.995,0.15
1271,-256.24496231641467,0.995,0.15
1272,-152.14362526093964,0.995,0.15
1273,-98.40045858991654,0.995,0.15
1274,5.616703193876589,0.995,0.15
1275,-165.5089124046001,0.995,0.15
1276,-303.17463916058,0.995,0.15
1277,-129.16450449710277,0.995,0.15
1278,-108.45502462394543,0.995,0.15
1279,-75.88466452660765,0.995,0.15
1280,-188.72682369978583,0.995,0.15
1281,-104.26159349989818,0.995,0.15
1282,-423.4157759589518,0.995,0.15
1283,-146.5165858487477,0.995,0.15
1284,-132.2212518363792,0.995,0.15
1285,-81.73574643479716,0.995,0.15
1286,-350.19124623036265,0.995,0.15
1287,-175.96519743729954,0.995,0.15
1288,-152.12391454357515,0.995,0.15
1289,-182.7402144734445,0.995,0.15
1290,-245.15997871610364,0.995,0.15
1291,-182.57175371383096,0.995,0.15
1292,-312.32432829667187,0.995,0.15
1293,-274.62494207114696,0.995,0.15
1294,-97.25360513677884,0.995,0.15
1295,-151.77075276491792,0.995,0.15
1296,-309.91702423331367,0.995,0.15
1297,-160.3910673036462,0.995,0.15
1298,-190.30100283908934,0.995,0.15
1299,-120.56668745152521,0.995,0.15
1300,-481.78493282794,0.995,0.15
1301,-357.71250058992274,0.995,0.15
1302,-120.32873633969895,0.995,0.15
1303,-79.39395034526054,0.995,0.15
1304,-287.19116512704414,0.995,0.15
1305,-84.14146579568377,0.995,0.15
1306,-24.44332847594518,0.995,0.15
1307,-97.98246117225797,0.995,0.15
1308,-143.53632549879094,0.995,0.15
1309,-149.75435114756937,0.995,0.15
1310,-128.37695326461517,0.995,0.15
1311,-343.8422410441833,0.995,0.15
1312,-370.7835964670881,0.995,0.15
1313,-165.1730614461324,0.995,0.15
1314,-253.0279932598306,0.995,0.15
1315,-74.24889235114469,0.995,0.15
1316,-113.99046594920996,0.995,0.15
1317,-359.00352340125164,0.995,0.15
1318,-146.88099013572491,0.995,0.15
1319,-126.88710041707745,0.995,0.15
1320,-83.2958457516543,0.995,0.15
1321,-99.4471912854263,0.995,0.15
1322,-86.47689020822793,0.995,0.15
1323,-103.95007990944981,0.995,0.15
1324,-136.04509302968074,0.995,0.15
1325,-129.73891169216512,0.995,0.15
1326,-219.5778839305667,0.995,0.15
1327,-237.81991342038785,0.995,0.15
1328,-94.64356508361557,0.995,0.15
1329,-594.5455341106715,0.995,0.15
1330,-295.1983881660939,0.995,0.15
1331,-118.2719703617877,0.995,0.15
1332,-389.698834165854,0.995,0.15
1333,-88.812384398847,0.995,0.15
1334,-76.16135949018164,0.995,0.15
1335,-501.1415619150972,0.995,0.15
1336,-111.55543195322913,0.995,0.15
1337,-199.7098979034609,0.995,0.15
1338,-200.58431706516745,0.995,0.15
1339,-334.8072077632203,0.995,0.15
1340,-111.24334901315413,0.995,0.15
1341,-108.92256646531801,0.995,0.15
1342,-125.48857184344709,0.995,0.15
1343,-133.07919687462106,0.995,0.15
1344,-254.0184268325145,0.995,0.15
1345,-81.61941480771281,0.995,0.15
1346,-115.32761534559047,0.995,0.15
1347,-145.42193370895166,0.995,0.15
1348,-132.03039770973328,0.995,0.15
1349,-33.24833903318597,0.995,0.15
1350,-55.96300236601284,0.995,0.15
1351,-91.9520550952513,0.995,0.15
1352,-198.68608159576152,0.995,0.15
1353,-144.5297858819697,0.995,0.15
1354,-124.44945914617726,0.995,0.15
1355,-81.43981408045222,0.995,0.15
1356,-291.6664559231435,0.995,0.15
1357,-82.24575074777489,0.995,0.15
1358,-238.88869343688827,0.995,0.15
1359,-100.87834231132364,0.995,0.15
1360,-93.16322172478229,0.995,0.15
1361,-199.3007149990722,0.995,0.15
1362,-249.46019491890175,0.995,0.15
1363,-15.118020805691671,0.995,0.15
1364,-93.22820991682968,0.995,0.15
1365,-246.67133186169633,0.995,0.15
1366,-176.2879395402848,0.995,0.15
1367,-96.59701091370745,0.995,0.15
1368,-154.81625422813903,0.995,0.15
1369,-409.89753845882535,0.995,0.15
1370,-297.78664683427724,0.995,0.15
1371,-128.9485939333723,0.995,0.15
1372,-327.72588175434805,0.995,0.15
1373,-100.51971614958346,0.995,0.15
1374,-155.16076798922387,0.995,0.15
1375,-363.0003991888453,0.995,0.15
1376,-260.42031873920763,0.995,0.15
1377,-267.50955740091206,0.995,0.15
1378,-340.32451182763634,0.995,0.15
1379,-251.4675133479396,0.995,0.15
1380,-71.13487480870278,0.995,0.15
1381,-126.72838137599072,0.995,0.15
1382,-264.5332620289495,0.995,0.15
1383,-78.19123516876016,0.995,0.15
1384,-83.86729776451497,0.995,0.15
1385,-123.67660734932373,0.995,0.15
1386,-211.37595221781692,0.995,0.15
1387,-300.93182670790554,0.995,0.15
1388,-123.80407934457689,0.995,0.15
1389,-116.82588581200129,0.995,0.15
1390,-169.42586174284975,0.995,0.15
1391,-56.3857601728171,0.995,0.15
1392,-81.31041867849858,0.995,0.15
1393,-111.49403072113411,0.995,0.15
1394,-194.57067709869654,0.995,0.15
1395,-247.43901159250095,0.995,0.15
1396,-392.194008893917,0.995,0.15
1397,-93.94214431618008,0.995,0.15
1398,-438.1237323662707,0.995,0.15
1399,-251.7320049263816,0.995,0.15
1400,-173.96235080002347,0.995,0.15
1401,-150.36609360112345,0.995,0.15
1402,-86.59289398395302,0.995,0.15
1403,-223.47585207345793,0.995,0.15
1404,-134.2792638505853,0.995,0.15
1405,-333.8818253557106,0.995,0.15
1406,-124.97570907845676,0.995,0.15
1407,-73.58049465821057,0.995,0.15
1408,-148.78629810968323,0.995,0.15
1409,-141.504685776425,0.995,0.15
1410,-168.3777911673123,0.995,0.15
1411,-112.44834735668529,0.995,0.15
1412,-125.26441866132429,0.995,0.15
1413,-141.87277037544848,0.995,0.15
1414,-132.20504865737,0.995,0.15
1415,-382.4632464512779,0.995,0.15
1416,-144.35990902414036,0.995,0.15
1417,-85.15620348025453,0.995,0.15
1418,-171.19292694949996,0.995,0.15
1419,-124.27820013384112,0.995,0.15
1420,-183.99249803229475,0.995,0.15
1421,-125.39953744286507,0.995,0.15
1422,-275.7275261957966,0.995,0.15
1423,-169.42971424981812,0.995,0.15
1424,-184.22313691206125,0.995,0.15
1425,-179.8279585581998,0.995,0.15
1426,-126.14940447015842,0.995,0.15
1427,-93.56139283383497,0.995,0.15
1428,-119.05248360878913,0.995,0.15
1429,-244.0792982674978,0.995,0.15
1430,-182.29931354060474,0.995,0.15
1431,-144.43979604946134,0.995,0.15
1432,-279.80225420466087,0.995,0.15
1433,-85.1915490695833,0.995,0.15
1434,-295.2241876509627,0.995,0.15
1435,-115.37264841336274,0.995,0.15
1436,-193.430446906962,0.995,0.15
1437,-119.20890943170214,0.995,0.15
1438,-118.4585463189977,0.995,0.15
1439,1.8371935629387082,0.995,0.15
1440,-328.59251408911575,0.995,0.15
1441,-103.26293150590104,0.995,0.15
1442,0.04819069432292622,0.995,0.15
1443,-222.39560714886636,0.995,0.15
1444,-121.71977319757164,0.995,0.15
1445,-262.56340703930414,0.995,0.15
1446,-52.67540325465852,0.995,0.15
1447,-380.57972451572107,0.995,0.15
1448,-84.29977240235361,0.995,0.15
1449,-149.88327899189147,0.995,0.15
1450,-251.6099605622668,0.995,0.15
1451,-145.33798882912123,0.995,0.15
1452,-104.93205045477326,0.995,0.15
1453,-76.3933274670393,0.995,0.15
1454,-286.0423628335762,0.995,0.15
1455,-123.57503241589127,0.995,0.15
1456,-104.67201111154388,0.995,0.15
1457,-121.73541411206611,0.995,0.15
1458,-66.70054701684145,0.995,0.15
1459,-458.8698014452835,0.995,0.15
1460,-118.8462579560708,0.995,0.15
1461,-175.1659670659558,0.995,0.15
1462,-365.21287184914166,0.995,0.15
1463,-135.91596109094164,0.995,0.15
1464,-125.55771839160282,0.995,0.15
1465,-297.867532179175,0.995,0.15
1466,-68.82009417955186,0.995,0.15
1467,-279.97495769513387,0.995,0.15
1468,-101.36325931907807,0.995,0.15
1469,-242.06994635858482,0.995,0.15
1470,-117.03248635003831,0.995,0.15
1471,-180.2806543781593,0.995,0.15
1472,-92.22666568830039,0.995,0.15
1473,-137.36125419238397,0.995,0.15
1474,-311.27363818326154,0.995,0.15
1475,-142.10137001517944,0.995,0.15
1476,-377.63746750622585,0.995,0.15
1477,-86.24563695047658,0.995,0.15
1478,-67.73603267971382,0.995,0.15
1479,-155.04829315054974,0.995,0.15
1480,-121.89729565712886,0.995,0.15
1481,-84.53235104818685,0.995,0.15
1482,-107.64933304289933,0.995,0.15
1483,-160.25564920882996,0.995,0.15
1484,-240.16835971345304,0.995,0.15
1485,-333.8256037002516,0.995,0.15
1486,-57.87524249919162,0.995,0.15
1487,-350.57967316915546,0.995,0.15
1488,-145.43272489872183,0.995,0.15
1489,-150.99519145344428,0.995,0.15
1490,-484.9968677358214,0.995,0.15
1491,-95.41005768291764,0.995,0.15
1492,-135.65537669260317,0.995,0.15
1493,-373.35099874610296,0.995,0.15
1494,-150.15871169586993,0.995,0.15
1495,-206.08271702544533,0.995,0.15
1496,26.738572955180786,0.995,0.15
1497,-354.2903718628063,0.995,0.15
1498,-201.05845083141352,0.995,0.15
1499,-426.36969555089445,0.995,0.15
1500,-154.54277341648447,0.995,0.15
1501,-111.38885886952714,0.995,0.15
1502,-112.35927931363004,0.995,0.15
1503,-121.36589528503633,0.995,0.15
1504,-172.0312813629227,0.995,0.15
1505,-85.91390577329376,0.995,0.15
1506,-145.2072153498267,0.995,0.15
1507,-208.9382323752966,0.995,0.15
1508,-79.90939594100793,0.995,0.15
1509,-427.83066936704097,0.995,0.15
1510,-199.3433838463019,0.995,0.15
1511,-229.59756724022662,0.995,0.15
1512,-189.49588821631068,0.995,0.15
1513,-163.2977331757258,0.995,0.15
1514,-353.0343744635817,0.995,0.15
1515,-177.02182633097482,0.995,0.15
1516,-301.6267096868707,0.995,0.15
1517,-277.81094722111123,0.995,0.15
1518,-142.95434067400532,0.995,0.15
1519,-114.64312633799834,0.995,0.15
1520,-83.96877020962079,0.995,0.15
1521,-106.00119076606244,0.995,0.15
1522,-239.5209723321308,0.995,0.15
1523,-280.8890283704378,0.995,0.15
1524,-105.16262211715821,0.995,0.15
1525,-138.73669795847053,0.995,0.15
1526,-50.65057497840618,0.995,0.15
1527,-90.10677521727885,0.995,0.15
1528,-214.28197469452027,0.995,0.15
1529,-83.8875959160481,0.995,0.15
1530,-145.9172205055739,0.995,0.15
1531,-422.0252246190358,0.995,0.15
1532,-137.55886154064888,0.995,0.15
1533,-274.2267470404488,0.995,0.15
1534,-101.66928039231409,0.995,0.15
1535,-272.763877716156,0.995,0.15
1536,-85.39120055257038,0.995,0.15
1537,-361.0756480723123,0.995,0.15
1538,-140.3085317406589,0.995,0.15
1539,-82.53550789480596,0.995,0.15
1540,-368.9782385978034,0.995,0.15
1541,-467.92232514752845,0.995,0.15
1542,-104.02006497475817,0.995,0.15
1543,-102.66181758394501,0.995,0.15
1544,-139.62362492121548,0.995,0.15
1545,-110.26689116569842,0.995,0.15
1546,-209.87337779475013,0.995,0.15
1547,-85.48196649953945,0.995,0.15
1548,-144.61597160877278,0.995,0.15
1549,-184.02894248173982,0.995,0.15
1550,-181.47197664167157,0.995,0.15
1551,-276.3306801727594,0.995,0.15
1552,-275.9437845969085,0.995,0.15
1553,-120.53853198128525,0.995,0.15
1554,-259.0954928522133,0.995,0.15
1555,-302.9066650624384,0.995,0.15
1556,-78.95944560323697,0.995,0.15
1557,-303.35675990838286,0.995,0.15
1558,-105.87496724273618,0.995,0.15
1559,-193.1902776018763,0.995,0.15
1560,-78.86995658910318,0.995,0.15
1561,-326.00094591000595,0.995,0.15
1562,-32.63874430882308,0.995,0.15
1563,-224.94862287056822,0.995,0.15
1564,-282.99985315364006,0.995,0.15
1565,-346.82466727279814,0.995,0.15
1566,-86.41179126930842,0.995,0.15
1567,-219.23280351089983,0.995,0.15
1568,-183.22373030208556,0.995,0.15
1569,69.23398146805039,0.995,0.15
1570,-491.8492668320193,0.995,0.15
1571,-98.70020359746235,0.995,0.15
1572,-111.97023839600462,0.995,0.15
1573,-200.57465265322287,0.995,0.15
1574,-69.2272487399743,0.995,0.15
1575,-337.82446765481893,0.995,0.15
1576,-59.87750699244536,0.995,0.15
1577,-144.0919138404097,0.995,0.15
1578,-101.02986891325513,0.995,0.15
1579,-224.06930485777048,0.995,0.15
1580,-104.60915701758992,0.995,0.15
1581,-191.10406054001692,0.995,0.15
1582,-287.58062285596213,0.995,0.15
1583,-54.87216813309383,0.995,0.15
1584,-107.09057119139716,0.995,0.15
1585,-221.8289453988844,0.995,0.15
1586,-113.55966346870295,0.995,0.15
1587,-95.84711663247128,0.995,0.15
1588,-189.9186836853178,0.995,0.15
1589,-363.82343665886054,0.995,0.15
1590,-135.7657893669032,0.995,0.15
1591,-430.86436175539455,0.995,0.15
1592,-87.77841161476283,0.995,0.15
1593,-77.64426009763949,0.995,0.15
1594,-109.7663273297576,0.995,0.15
1595,-152.1034660643242,0.995,0.15
1596,-116.92770522402729,0.995,0.15
1597,-147.72297493332042,0.995,0.15
1598,-116.05109618373235,0.995,0.15
1599,-155.5400554636652,0.995,0.15
1600,-67.1266558875601,0.995,0.15
1601,-180.18296666481282,0.995,0.15
1602,-144.9994429405831,0.995,0.15
1603,-124.1949391442499,0.995,0.15
1604,-126.06493512579112,0.995,0.15
1605,-138.9200669033452,0.995,0.15
1606,6.678350309994457,0.995,0.15
1607,-161.47285089788238,0.995,0.15
1608,-200.01883311981015,0.995,0.15
1609,-122.43771748492448,0.995,0.15
1610,-74.22681623728323,0.995,0.15
1611,-262.14076206763207,0.995,0.15
1612,-394.88612613289826,0.995,0.15
1613,-247.17618540421685,0.995,0.15
1614,-59.482184744491406,0.995,0.15
1615,-225.41466690016796,0.995,0.15
1616,-243.51159452968244,0.995,0.15
1617,-111.53560781057436,0.995,0.15
1618,-133.87945890775615,0.995,0.15
1619,-136.6949701569145,0.995,0.15
1620,-96.15152026901626,0.995,0.15
1621,-92.65755124091491,0.995,0.15
1622,-244.41630908200023,0.995,0.15
1623,-174.8110951950268,0.995,0.15
1624,-135.74913966505338,0.995,0.15
1625,-121.14423610515769,0.995,0.15
1626,-86.04280596500318,0.995,0.15
1627,-158.10226627411748,0.995,0.15
1628,-82.52581869625476,0.995,0.15
1629,-316.9302628227382,0.995,0.15
1630,-90.65276970901458,0.995,0.15
1631,-190.33498917457842,0.995,0.15
1632,-272.54708297230263,0.995,0.15
1633,-93.59545710546921,0.995,0.15
1634,-176.71855285705453,0.995,0.15
1635,-233.48930985953257,0.995,0.15
1636,-110.4584458792901,0.995,0.15
1637,-176.38141720039852,0.995,0.15
1638,-211.215358740993,0.995,0.15
1639,-134.24417557243044,0.995,0.15
1640,-195.24463219375116,0.995,0.15
1641,-117.43873135415642,0.995,0.15
1642,-121.9149410339666,0.995,0.15
1643,-148.58367134521774,0.995,0.15
1644,-227.76292358531106,0.995,0.15
1645,-98.10741518099904,0.995,0.15
1646,-193.03415387176477,0.995,0.15
1647,-151.8444374484871,0.995,0.15
1648,-50.224945102209915,0.995,0.15
1649,-198.92421263100601,0.995,0.15
1650,-249.4462651974949,0.995,0.15
1651,-208.79494678044873,0.995,0.15
1652,-65.20453993543927,0.995,0.15
1653,16.104045806321366,0.995,0.15
1654,-168.74047376380247,0.995,0.15
1655,-116.36077903964764,0.995,0.15
1656,-173.5658839860239,0.995,0.15
1657,-370.24767707780256,0.995,0.15
1658,-103.3049806435038,0.995,0.15
1659,-188.9077130342113,0.995,0.15
1660,-161.1543149461352,0.995,0.15
1661,-95.77791466351918,0.995,0.15
1662,-199.58631032299704,0.995,0.15
1663,-138.0460783045699,0.995,0.15
1664,-360.82092671783533,0.995,0.15
1665,-95.40445111493082,0.995,0.15
1666,-148.0296904658481,0.995,0.15
1667,-233.36368812075074,0.995,0.15
1668,-107.17753475347432,0.995,0.15
1669,-41.483418865201756,0.995,0.15
1670,-176.70747522166045,0.995,0.15
1671,-154.59501494432155,0.995,0.15
1672,-321.9326230127051,0.995,0.15
1673,-138.088687365812,0.995,0.15
1674,-23.382071813314468,0.995,0.15
1675,-140.35562540540948,0.995,0.15
1676,-99.03128603547377,0.995,0.15
1677,-211.95740280657185,0.995,0.15
1678,-174.8498087770767,0.995,0.15
1679,-100.84732768536313,0.995,0.15
1680,-94.2934776904748,0.995,0.15
1681,-111.81802667106071,0.995,0.15
1682,-167.77323125222512,0.995,0.15
1683,-198.89155890115637,0.995,0.15
1684,-107.9677167883412,0.995,0.15
1685,-71.55237421797146,0.995,0.15
1686,-380.9278831625096,0.995,0.15
1687,-261.6169318426066,0.995,0.15
1688,-176.42106257675448,0.995,0.15
1689,-132.32948496272786,0.995,0.15
1690,-144.86282957946605,0.995,0.15
1691,-466.5618160559085,0.995,0.15
1692,23.67602564665451,0.995,0.15
1693,-58.84144508978733,0.995,0.15
1694,-419.62168836823014,0.995,0.15
1695,-214.19599940477303,0.995,0.15
1696,-411.3800958263525,0.995,0.15
1697,-92.95509710443231,0.995,0.15
1698,-256.02476650458925,0.995,0.15
1699,-145.40375158893502,0.995,0.15
1700,-63.49490446615904,0.995,0.15
1701,-285.2568303631981,0.995,0.15
1702,-128.04652206942302,0.995,0.15
1703,-294.83463916369584,0.995,0.15
1704,-256.24532108152766,0.995,0.15
1705,-161.36208443257462,0.995,0.15
1706,-235.56424195465206,0.995,0.15
1707,-94.3944428624992,0.995,0.15
1708,-23.787223825432108,0.995,0.15
1709,-168.09069962237095,0.995,0.15
1710,-95.52820183089503,0.995,0.15
1711,-89.32534837344303,0.995,0.15
1712,-217.9704251161403,0.995,0.15
1713,-147.8193983611664,0.995,0.15
1714,-87.24309522956905,0.995,0.15
1715,-106.09638923467492,0.995,0.15
1716,-195.18760313675648,0.995,0.15
1717,-85.99946653401194,0.995,0.15
1718,-117.53059773857555,0.995,0.15
1719,-203.74021260150008,0.995,0.15
1720,-111.39022788890436,0.995,0.15
1721,-290.09085875717653,0.995,0.15
1722,-309.5453545517994,0.995,0.15
1723,-214.84854803817257,0.995,0.15
1724,-81.94892028284515,0.995,0.15
1725,-270.16326422660154,0.995,0.15
1726,-264.4591324617902,0.995,0.15
1727,-84.11396110084448,0.995,0.15
1728,-97.71110170016408,0.995,0.15
1729,-108.53064519921554,0.995,0.15
1730,-243.8705975337461,0.995,0.15
1731,-116.95625907311518,0.995,0.15
1732,-110.35530489033974,0.995,0.15
1733,-176.89860397593017,0.995,0.15
1734,-389.0394582705551,0.995,0.15
1735,-147.41644494028998,0.995,0.15
1736,-116.24259738155581,0.995,0.15
1737,-3.585646474979285,0.995,0.15
1738,-167.05332830089742,0.995,0.15
1739,-69.49729278991168,0.995,0.15
1740,-379.2982082719172,0.995,0.15
1741,-215.90624178982736,0.995,0.15
1742,-332.0002377287177,0.995,0.15
1743,-105.97833534797284,0.995,0.15
1744,-264.912471653793,0.995,0.15
1745,-350.91827986249757,0.995,0.15
1746,-281.8611682106757,0.995,0.15
1747,-186.07146609318735,0.995,0.15
1748,-79.77460585196837,0.995,0.15
1749,-299.86559348685705,0.995,0.15
1750,-84.37215248910024,0.995,0.15
1751,-84.46655520977173,0.995,0.15
1752,-90.72979171680404,0.995,0.15
1753,-85.68146928961698,0.995,0.15
1754,-176.5591811152213,0.995,0.15
1755,-99.47503435430974,0.995,0.15
1756,-229.15469946829737,0.995,0.15
1757,-124.05034119747718,0.995,0.15
1758,-119.46164343365047,0.995,0.15
1759,-260.794172773365,0.995,0.15
1760,-181.36160632391758,0.995,0.15
1761,-443.4713466516582,0.995,0.15
1762,-35.18991916312001,0.995,0.15
1763,-399.1816274106919,0.995,0.15
1764,-290.5182395159659,0.995,0.15
1765,-449.7448336182466,0.995,0.15
1766,-241.17477264730294,0.995,0.15
1767,-409.1005789313584,0.995,0.15
1768,-85.44238805905482,0.995,0.15
1769,-332.36395639705484,0.995,0.15
1770,-175.39824649496506,0.995,0.15
1771,-30.78344518032317,0.995,0.15
1772,-77.11909786487068,0.995,0.15
1773,-341.74968180941426,0.995,0.15
1774,-196.69949476874697,0.995,0.15
1775,-130.04015899603309,0.995,0.15
1776,-522.4610220577372,0.995,0.15
1777,-226.676491386721,0.995,0.15
1778,-92.30860499314421,0.995,0.15
1779,-208.71032534286724,0.995,0.15
1780,-138.67179975155514,0.995,0.15
1781,-126.8245939957217,0.995,0.15
1782,-111.74035880888833,0.995,0.15
1783,-479.97859041659274,0.995,0.15
1784,-396.75436583349443,0.995,0.15
1785,-119.67366944801996,0.995,0.15
1786,-275.0604329431947,0.995,0.15
1787,-102.2222921117692,0.995,0.15
1788,-115.38892337551489,0.995,0.15
1789,-185.9917956073444,0.995,0.15
1790,-278.879961184555,0.995,0.15
1791,-125.48778304011964,0.995,0.15
1792,-86.93519987850607,0.995,0.15
1793,-121.07826050503535,0.995,0.15
1794,-90.84296832554574,0.995,0.15
1795,-90.71011760726837,0.995,0.15
1796,-404.4764491398154,0.995,0.15
1797,-151.3907434365297,0.995,0.15
1798,-426.5926814810939,0.995,0.15
1799,-290.9114565911825,0.995,0.15
1800,-316.75458199436673,0.995,0.15
1801,-107.73741906400825,0.995,0.15
1802,-243.64044581764097,0.995,0.15
1803,-287.81529701503985,0.995,0.15
1804,-267.9726225656454,0.995,0.15
1805,-215.10553949541472,0.995,0.15
1806,-278.61026278069255,0.995,0.15
1807,-169.95152399893456,0.995,0.15
1808,-225.76978397138026,0.995,0.15
1809,-301.52134448168374,0.995,0.15
1810,-80.11640378032408,0.995,0.15
1811,-89.26099855146174,0.995,0.15
1812,-282.3993524743029,0.995,0.15
1813,-126.32077501382784,0.995,0.15
1814,-99.64701617049757,0.995,0.15
1815,-126.31301003626388,0.995,0.15
1816,-159.01881041482687,0.995,0.15
1817,-84.22434034446843,0.995,0.15
1818,-247.95870330501504,0.995,0.15
1819,-286.35393873039794,0.995,0.15
1820,-95.87373654099241,0.995,0.15
1821,-283.0648466381866,0.995,0.15
1822,-226.41093437245746,0.995,0.15
1823,-288.2616393982756,0.995,0.15
1824,-305.01438681979533,0.995,0.15
1825,-84.67413597228075,0.995,0.15
1826,-65.08416759877878,0.995,0.15
1827,-189.88495763917132,0.995,0.15
1828,-303.76470027143876,0.995,0.15
1829,-116.30833414439482,0.995,0.15
1830,-199.9193085152029,0.995,0.15
1831,-98.62765972797189,0.995,0.15
1832,13.937801362790822,0.995,0.15
1833,-179.40809740412357,0.995,0.15
1834,-46.26753771091158,0.995,0.15
1835,-97.74744845469517,0.995,0.15
1836,-270.2919638984502,0.995,0.15
1837,-127.5221696446757,0.995,0.15
1838,-400.5147375603669,0.995,0.15
1839,-38.80598045611363,0.995,0.15
1840,-108.82917242854127,0.995,0.15
1841,-207.2229813678066,0.995,0.15
1842,-9.100778690967047,0.995,0.15
1843,-104.12231491810907,0.995,0.15
1844,-71.65264491571965,0.995,0.15
1845,-424.37128372339885,0.995,0.15
1846,-77.63547321538209,0.995,0.15
1847,-159.4536124582117,0.995,0.15
1848,-97.37017676756007,0.995,0.15
1849,-144.2626863172223,0.995,0.15
1850,-167.98910319711175,0.995,0.15
1851,-111.20166542827494,0.995,0.15
1852,-133.42933533361537,0.995,0.15
1853,-132.18196662385213,0.995,0.15
1854,-74.32357119250642,0.995,0.15
1855,-299.20294468183647,0.995,0.15
1856,-117.01562290571607,0.995,0.15
1857,-134.29185399103295,0.995,0.15
1858,-88.95319322110622,0.995,0.15
1859,-480.0762508331282,0.995,0.15
1860,-248.84436550814098,0.995,0.15
1861,-482.0485530356961,0.995,0.15
1862,-92.98414640973462,0.995,0.15
1863,-194.40712674371198,0.995,0.15
1864,-110.16310866128309,0.995,0.15
1865,-392.76301755456814,0.995,0.15
1866,-188.79358460375641,0.995,0.15
1867,-119.33468510913698,0.995,0.15
1868,-406.3328377191915,0.995,0.15
1869,-59.15071008758558,0.995,0.15
1870,-217.33575491375734,0.995,0.15
1871,-126.84181776430339,0.995,0.15
1872,-234.9391868073091,0.995,0.15
1873,-130.51221775683638,0.995,0.15
1874,-148.28600723857352,0.995,0.15
1875,-333.4563863572994,0.995,0.15
1876,-116.7076723628212,0.995,0.15
1877,-265.2975536094217,0.995,0.15
1878,-197.06313324875595,0.995,0.15
1879,-157.6007421999853,0.995,0.15
1880,-79.22023958301133,0.995,0.15
1881,-178.4294580204308,0.995,0.15
1882,-91.2865565748311,0.995,0.15
1883,-180.32835380099,0.995,0.15
1884,-460.9664958839533,0.995,0.15
1885,-109.87544936803255,0.995,0.15
1886,-134.6670118970829,0.995,0.15
1887,-123.61127111838375,0.995,0.15
1888,-76.5698881387961,0.995,0.15
1889,-91.24512003104871,0.995,0.15
1890,-133.19977677101363,0.995,0.15
1891,-275.36074316340796,0.995,0.15
1892,-103.8888107549117,0.995,0.15
1893,-167.64852400134777,0.995,0.15
1894,-181.25291749427166,0.995,0.15
1895,-192.52110545273302,0.995,0.15
1896,-129.98286338479073,0.995,0.15
1897,-204.98009248099913,0.995,0.15
1898,-145.3014391750158,0.995,0.15
1899,-73.38694683264694,0.995,0.15
1900,-217.02560809944833,0.995,0.15
1901,-470.21596157997436,0.995,0.15
1902,-137.5873776291745,0.995,0.15
1903,-84.74444212667476,0.995,0.15
1904,-42.74825572943802,0.995,0.15
1905,-88.30194630657917,0.995,0.15
1906,-303.5283990174214,0.995,0.15
1907,-327.36030225734555,0.995,0.15
1908,-151.14669921394142,0.995,0.15
1909,-121.76681501859338,0.995,0.15
1910,-97.64409397577593,0.995,0.15
1911,-312.36473410281985,0.995,0.15
1912,16.78045635941767,0.995,0.15
1913,-327.72826280142533,0.995,0.15
1914,-89.87381060703555,0.995,0.15
1915,-208.84096397326326,0.995,0.15
1916,-242.39206377457816,0.995,0.15
1917,-110.5113141374576,0.995,0.15
1918,-91.153296227433,0.995,0.15
1919,-63.94072938001031,0.995,0.15
1920,-62.697219817357826,0.995,0.15
1921,-91.65786835372376,0.995,0.15
1922,-59.33044258134825,0.995,0.15
1923,-138.14325765074432,0.995,0.15
1924,-14.905672214966074,0.995,0.15
1925,-259.41237489174364,0.995,0.15
1926,-130.02733827208175,0.995,0.15
1927,-108.85339389638128,0.995,0.15
1928,-117.99571145323156,0.995,0.15
1929,-430.6097666250316,0.995,0.15
1930,-87.89750943183394,0.995,0.15
1931,-280.5042484767744,0.995,0.15
1932,-286.5495672796459,0.995,0.15
1933,-135.52499928893798,0.995,0.15
1934,-171.52092294515487,0.995,0.15
1935,-287.5479870741805,0.995,0.15
1936,-421.5513003900682,0.995,0.15
1937,-72.36489716181867,0.995,0.15
1938,-369.06188021736085,0.995,0.15
1939,-354.2740158930635,0.995,0.15
1940,-178.8332159407982,0.995,0.15
1941,-43.127206002480804,0.995,0.15
1942,-101.05507481821661,0.995,0.15
1943,2.0939714252364183,0.995,0.15
1944,-536.0755475056873,0.995,0.15
1945,-95.7422080976119,0.995,0.15
1946,-155.79219412540107,0.995,0.15
1947,-72.16950827865304,0.995,0.15
1948,-207.6144261088125,0.995,0.15
1949,-90.07681540497148,0.995,0.15
1950,-305.02279182284974,0.995,0.15
1951,-95.84383846383805,0.995,0.15
1952,-109.4708519077922,0.995,0.15
1953,-355.6396490060296,0.995,0.15
1954,-241.8033657222648,0.995,0.15
1955,-71.65831750980712,0.995,0.15
1956,-388.1316726476027,0.995,0.15
1957,-80.88925778372362,0.995,0.15
1958,-83.31015096841514,0.995,0.15
1959,-374.42549501012155,0.995,0.15
1960,-244.04874227302568,0.995,0.15
1961,-129.03821045064157,0.995,0.15
1962,-262.6654411554431,0.995,0.15
1963,-150.6398146223357,0.995,0.15
1964,-216.69813005478954,0.995,0.15
1965,-281.1069638548278,0.995,0.15
1966,-196.29299566191173,0.995,0.15
1967,-280.945678106508,0.995,0.15
1968,-203.28862920038694,0.995,0.15
1969,-96.27066850525775,0.995,0.15
1970,-208.1392697670484,0.995,0.15
1971,-303.58290297745316,0.995,0.15
1972,-117.39027368946988,0.995,0.15
1973,-96.54701783197687,0.995,0.15
1974,-263.05877334790097,0.995,0.15
1975,-107.43319175378663,0.995,0.15
1976,-406.9592675553028,0.995,0.15
1977,-349.26855046818025,0.995,0.15
1978,-311.7115272586137,0.995,0.15
1979,-123.1705138891638,0.995,0.15
1980,-165.71391641834805,0.995,0.15
1981,-116.64610053402343,0.995,0.15
1982,-103.6753507505067,0.995,0.15
1983,-122.6904497097587,0.995,0.15
1984,-484.60444147514806,0.995,0.15
1985,-100.89615474527187,0.995,0.15
1986,-377.6217462308517,0.995,0.15
1987,-95.15069836213996,0.995,0.15
1988,-294.35105040207543,0.995,0.15
1989,-113.90625203241996,0.995,0.15
1990,-95.58518933031904,0.995,0.15
1991,-167.58080373761317,0.995,0.15
1992,-127.22619239932963,0.995,0.15
1993,-291.01571828046326,0.995,0.15
1994,-351.8986527594142,0.995,0.15
1995,-59.43038098322337,0.995,0.15
1996,-70.66306328154086,0.995,0.15
1997,-195.89814518830786,0.995,0.15
1998,-149.3334957018518,0.995,0.15
1999,-337.6395293017879,0.995,0.15
2000,-128.7026423067121,0.995,0.15
